DataExtractDate,ReportPeriod,Terminal,Arrival_Departure,Domestic_International,Passenger_Count
05/01/2014 12:00:00 AM,2006/01/01,Imperial Terminal,Arrival,Domestic,2425419
05/01/2014 12:00:00 AM,2006/01/01,Imperial Terminal,Departure,Domestic,2330740
05/01/2014 12:00:00 AM,2006/02/01,Imperial Terminal,Arrival,Domestic,2131317
05/01/2014 12:00:00 AM,2006/02/01,Imperial Terminal,Departure,Domestic,2118838
05/01/2014 12:00:00 AM,2006/03/01,Imperial Terminal,Arrival,Domestic,2541019
05/01/2014 12:00:00 AM,2006/03/01,Imperial Terminal,Departure,Domestic,2549275
05/01/2014 12:00:00 AM,2006/04/01,Imperial Terminal,Arrival,Domestic,2560167
05/01/2014 12:00:00 AM,2006/04/01,Imperial Terminal,Departure,Domestic,2527707
05/01/2014 12:00:00 AM,2006/05/01,Imperial Terminal,Arrival,Domestic,2594409
05/01/2014 12:00:00 AM,2006/05/01,Imperial Terminal,Departure,Domestic,2582999
05/01/2014 12:00:00 AM,2006/06/01,Imperial Terminal,Arrival,Domestic,2707790
05/01/2014 12:00:00 AM,2006/06/01,Imperial Terminal,Departure,Domestic,2802233
05/01/2014 12:00:00 AM,2006/07/01,Imperial Terminal,Arrival,Domestic,2991518
05/01/2014 12:00:00 AM,2006/07/01,Imperial Terminal,Departure,Domestic,2928205
05/01/2014 12:00:00 AM,2006/08/01,Imperial Terminal,Arrival,Domestic,2883465
05/01/2014 12:00:00 AM,2006/08/01,Imperial Terminal,Departure,Domestic,2861778
05/01/2014 12:00:00 AM,2006/09/01,Imperial Terminal,Arrival,Domestic,2368259
05/01/2014 12:00:00 AM,2006/09/01,Imperial Terminal,Departure,Domestic,2339724
05/01/2014 12:00:00 AM,2006/10/01,Imperial Terminal,Arrival,Domestic,2441325
05/01/2014 12:00:00 AM,2006/10/01,Imperial Terminal,Departure,Domestic,2457096
05/01/2014 12:00:00 AM,2006/11/01,Imperial Terminal,Arrival,Domestic,2411073
05/01/2014 12:00:00 AM,2006/11/01,Imperial Terminal,Departure,Domestic,2413986
05/01/2014 12:00:00 AM,2006/12/01,Imperial Terminal,Arrival,Domestic,2484966
05/01/2014 12:00:00 AM,2006/12/01,Imperial Terminal,Departure,Domestic,2587366
05/01/2014 12:00:00 AM,2007/01/01,Imperial Terminal,Arrival,Domestic,2447943
05/01/2014 12:00:00 AM,2007/01/01,Imperial Terminal,Departure,Domestic,2357873
05/01/2014 12:00:00 AM,2007/02/01,Misc. Terminal,Arrival,Domestic,2158758
05/01/2014 12:00:00 AM,2007/02/01,Misc. Terminal,Departure,Domestic,2146535
05/01/2014 12:00:00 AM,2007/03/01,Imperial Terminal,Arrival,Domestic,2602986
05/01/2014 12:00:00 AM,2007/03/01,Imperial Terminal,Departure,Domestic,2638828
05/01/2014 12:00:00 AM,2007/04/01,Imperial Terminal,Arrival,Domestic,2598787
05/01/2014 12:00:00 AM,2007/04/01,Imperial Terminal,Departure,Domestic,2574327
05/01/2014 12:00:00 AM,2007/05/01,Imperial Terminal,Arrival,Domestic,2619103
05/01/2014 12:00:00 AM,2007/05/01,Imperial Terminal,Departure,International,2637826
05/01/2014 12:00:00 AM,2007/06/01,Imperial Terminal,Arrival,Domestic,2766537
05/01/2014 12:00:00 AM,2007/06/01,Misc. Terminal,Departure,Domestic,2859926
05/01/2014 12:00:00 AM,2007/07/01,Imperial Terminal,Arrival,Domestic,3044778
05/01/2014 12:00:00 AM,2007/07/01,Imperial Terminal,Departure,Domestic,3008071
05/01/2014 12:00:00 AM,2007/08/01,Misc. Terminal,Arrival,Domestic,2971560
05/01/2014 12:00:00 AM,2007/08/01,Terminal 1,Departure,Domestic,2967988
05/01/2014 12:00:00 AM,2007/09/01,Imperial Terminal,Arrival,Domestic,2423296
05/01/2014 12:00:00 AM,2007/09/01,Imperial Terminal,Departure,Domestic,2382646
05/01/2014 12:00:00 AM,2007/10/01,Imperial Terminal,Arrival,Domestic,2532501
05/01/2014 12:00:00 AM,2007/10/01,Imperial Terminal,Departure,Domestic,2537541
05/01/2014 12:00:00 AM,2007/11/01,Imperial Terminal,Departure,International,2503534
05/01/2014 12:00:00 AM,2007/11/01,Misc. Terminal,Arrival,Domestic,2469521
05/01/2014 12:00:00 AM,2007/12/01,Imperial Terminal,Arrival,Domestic,2558552
05/01/2014 12:00:00 AM,2007/12/01,Imperial Terminal,Departure,Domestic,2629166
05/01/2014 12:00:00 AM,2008/01/01,Imperial Terminal,Arrival,Domestic,2457191
05/01/2014 12:00:00 AM,2008/01/01,Imperial Terminal,Departure,Domestic,2353624
05/01/2014 12:00:00 AM,2008/02/01,Imperial Terminal,Arrival,Domestic,2224522
05/01/2014 12:00:00 AM,2008/02/01,Imperial Terminal,Departure,Domestic,2226888
05/01/2014 12:00:00 AM,2008/03/01,Imperial Terminal,Arrival,Domestic,2604974
05/01/2014 12:00:00 AM,2008/03/01,Imperial Terminal,Departure,Domestic,2628705
05/01/2014 12:00:00 AM,2008/04/01,Imperial Terminal,Arrival,Domestic,2488818
05/01/2014 12:00:00 AM,2008/04/01,Imperial Terminal,Departure,Domestic,2461017
05/01/2014 12:00:00 AM,2008/05/01,Misc. Terminal,Arrival,Domestic,2613777
05/01/2014 12:00:00 AM,2008/05/01,Misc. Terminal,Departure,Domestic,2634210
05/01/2014 12:00:00 AM,2008/06/01,Imperial Terminal,Arrival,Domestic,2730924
05/01/2014 12:00:00 AM,2008/06/01,Imperial Terminal,Departure,Domestic,2808949
05/01/2014 12:00:00 AM,2008/07/01,Imperial Terminal,Arrival,Domestic,2897659
05/01/2014 12:00:00 AM,2008/07/01,Imperial Terminal,Departure,Domestic,2893909
05/01/2014 12:00:00 AM,2008/08/01,Imperial Terminal,Arrival,Domestic,2873080
05/01/2014 12:00:00 AM,2008/08/01,Imperial Terminal,Departure,Domestic,2842205
05/01/2014 12:00:00 AM,2008/09/01,Misc. Terminal,Arrival,Domestic,2245083
05/01/2014 12:00:00 AM,2008/09/01,Misc. Terminal,Departure,Domestic,2219961
05/01/2014 12:00:00 AM,2008/10/01,Misc. Terminal,Arrival,Domestic,2325932
05/01/2014 12:00:00 AM,2008/10/01,Misc. Terminal,Departure,Domestic,2355366
05/01/2014 12:00:00 AM,2008/11/01,Misc. Terminal,Arrival,Domestic,2124962
05/01/2014 12:00:00 AM,2008/11/01,Misc. Terminal,Departure,Domestic,2151406
05/01/2014 12:00:00 AM,2008/12/01,Misc. Terminal,Arrival,Domestic,2300247
05/01/2014 12:00:00 AM,2008/12/01,Misc. Terminal,Departure,Domestic,2357341
05/01/2014 12:00:00 AM,2009/01/01,Misc. Terminal,Arrival,Domestic,2165909
05/01/2014 12:00:00 AM,2009/01/01,Misc. Terminal,Departure,Domestic,2102480
05/01/2014 12:00:00 AM,2009/02/01,Misc. Terminal,Arrival,Domestic,1893728
05/01/2014 12:00:00 AM,2009/02/01,Misc. Terminal,Departure,Domestic,1897972
05/01/2014 12:00:00 AM,2009/03/01,Misc. Terminal,Arrival,Domestic,2277503
05/01/2014 12:00:00 AM,2009/03/01,Misc. Terminal,Departure,Domestic,2294592
05/01/2014 12:00:00 AM,2009/04/01,Misc. Terminal,Arrival,Domestic,2323255
05/01/2014 12:00:00 AM,2009/04/01,Misc. Terminal,Departure,Domestic,2318213
05/01/2014 12:00:00 AM,2009/05/01,Misc. Terminal,Arrival,Domestic,2318516
05/01/2014 12:00:00 AM,2009/05/01,Terminal 1,Departure,Domestic,2327340
05/01/2014 12:00:00 AM,2009/06/01,Misc. Terminal,Arrival,Domestic,2472257
05/01/2014 12:00:00 AM,2009/06/01,Misc. Terminal,Departure,Domestic,2568234
05/01/2014 12:00:00 AM,2009/07/01,Imperial Terminal,Arrival,International,2807508
05/01/2014 12:00:00 AM,2009/07/01,Imperial Terminal,Departure,International,2796902
05/01/2014 12:00:00 AM,2009/08/01,Misc. Terminal,Arrival,Domestic,2739386
05/01/2014 12:00:00 AM,2009/08/01,Misc. Terminal,Departure,Domestic,2698056
05/01/2014 12:00:00 AM,2009/09/01,Misc. Terminal,Arrival,International,2266941
05/01/2014 12:00:00 AM,2009/09/01,Terminal 1,Departure,Domestic,2243918
05/01/2014 12:00:00 AM,2009/10/01,Imperial Terminal,Arrival,Domestic,2371490
05/01/2014 12:00:00 AM,2009/10/01,Misc. Terminal,Departure,Domestic,2390142
05/01/2014 12:00:00 AM,2009/11/01,Misc. Terminal,Arrival,Domestic,2191665
05/01/2014 12:00:00 AM,2009/11/01,Misc. Terminal,Departure,Domestic,2228044
05/01/2014 12:00:00 AM,2009/12/01,Misc. Terminal,Arrival,Domestic,2404474
05/01/2014 12:00:00 AM,2009/12/01,Misc. Terminal,Departure,Domestic,2422318
05/01/2014 12:00:00 AM,2010/01/01,Misc. Terminal,Arrival,Domestic,2290727
05/01/2014 12:00:00 AM,2010/01/01,Misc. Terminal,Departure,Domestic,2318993
05/01/2014 12:00:00 AM,2010/02/01,Misc. Terminal,Arrival,Domestic,1974646
05/01/2014 12:00:00 AM,2010/02/01,Misc. Terminal,Departure,Domestic,1985673
05/01/2014 12:00:00 AM,2010/03/01,Misc. Terminal,Arrival,Domestic,2398204
05/01/2014 12:00:00 AM,2010/03/01,Misc. Terminal,Departure,Domestic,2413822
05/01/2014 12:00:00 AM,2010/04/01,Misc. Terminal,Arrival,Domestic,2344283
05/01/2014 12:00:00 AM,2010/04/01,Misc. Terminal,Departure,Domestic,2342663
05/01/2014 12:00:00 AM,2010/05/01,Misc. Terminal,Arrival,Domestic,2484601
05/01/2014 12:00:00 AM,2010/05/01,Misc. Terminal,Departure,Domestic,2471995
05/01/2014 12:00:00 AM,2010/06/01,Imperial Terminal,Arrival,Domestic,2620778
05/01/2014 12:00:00 AM,2010/06/01,Imperial Terminal,Departure,Domestic,2690616
05/01/2014 12:00:00 AM,2010/07/01,Misc. Terminal,Arrival,Domestic,2869180
05/01/2014 12:00:00 AM,2010/07/01,Misc. Terminal,Departure,Domestic,2823681
05/01/2014 12:00:00 AM,2010/08/01,Misc. Terminal,Arrival,Domestic,2819469
05/01/2014 12:00:00 AM,2010/08/01,Misc. Terminal,Departure,Domestic,2798377
05/01/2014 12:00:00 AM,2010/09/01,Misc. Terminal,Arrival,Domestic,2365147
05/01/2014 12:00:00 AM,2010/09/01,Misc. Terminal,Departure,Domestic,2330248
05/01/2014 12:00:00 AM,2010/10/01,Imperial Terminal,Arrival,Domestic,2478150
05/01/2014 12:00:00 AM,2010/10/01,Misc. Terminal,Departure,Domestic,2509935
05/01/2014 12:00:00 AM,2010/11/01,Misc. Terminal,Arrival,Domestic,2341774
05/01/2014 12:00:00 AM,2010/11/01,Misc. Terminal,Departure,Domestic,2347308
05/01/2014 12:00:00 AM,2010/12/01,Imperial Terminal,Arrival,Domestic,2477626
05/01/2014 12:00:00 AM,2010/12/01,Misc. Terminal,Departure,Domestic,2572231
05/01/2014 12:00:00 AM,2011/01/01,Misc. Terminal,Arrival,Domestic,2347717
05/01/2014 12:00:00 AM,2011/01/01,Misc. Terminal,Departure,Domestic,2315464
05/01/2014 12:00:00 AM,2011/02/01,Misc. Terminal,Arrival,Domestic,2067592
05/01/2014 12:00:00 AM,2011/02/01,Misc. Terminal,Departure,Domestic,2053944
05/01/2014 12:00:00 AM,2011/03/01,Misc. Terminal,Arrival,Domestic,2474690
05/01/2014 12:00:00 AM,2011/03/01,Misc. Terminal,Departure,Domestic,2477109
05/01/2014 12:00:00 AM,2011/04/01,Misc. Terminal,Arrival,Domestic,2554625
05/01/2014 12:00:00 AM,2011/04/01,Misc. Terminal,Departure,Domestic,2473591
05/01/2014 12:00:00 AM,2011/05/01,Imperial Terminal,Arrival,Domestic,2746189
05/01/2014 12:00:00 AM,2011/05/01,Imperial Terminal,Departure,Domestic,2730875
05/01/2014 12:00:00 AM,2011/06/01,Misc. Terminal,Arrival,Domestic,2783908
05/01/2014 12:00:00 AM,2011/06/01,Misc. Terminal,Departure,Domestic,2847808
05/01/2014 12:00:00 AM,2011/07/01,Misc. Terminal,Departure,Domestic,3011564
05/01/2014 12:00:00 AM,2011/07/01,Terminal 1,Arrival,Domestic,3059778
05/01/2014 12:00:00 AM,2011/08/01,Misc. Terminal,Arrival,Domestic,2969115
05/01/2014 12:00:00 AM,2011/08/01,Misc. Terminal,Departure,Domestic,2949409
05/01/2014 12:00:00 AM,2011/09/01,Misc. Terminal,Arrival,Domestic,2490037
05/01/2014 12:00:00 AM,2011/09/01,Misc. Terminal,Departure,Domestic,2490283
05/01/2014 12:00:00 AM,2011/10/01,Misc. Terminal,Arrival,Domestic,2520520
05/01/2014 12:00:00 AM,2011/10/01,Misc. Terminal,Departure,Domestic,2604084
05/01/2014 12:00:00 AM,2011/11/01,Misc. Terminal,Arrival,Domestic,2423752
05/01/2014 12:00:00 AM,2011/11/01,Misc. Terminal,Departure,Domestic,2441354
05/01/2014 12:00:00 AM,2011/12/01,Imperial Terminal,Arrival,Domestic,2501124
05/01/2014 12:00:00 AM,2011/12/01,Imperial Terminal,Departure,Domestic,2527520
05/01/2014 12:00:00 AM,2012/01/01,Imperial Terminal,Departure,Domestic,2442166
05/01/2014 12:00:00 AM,2012/01/01,Misc. Terminal,Arrival,Domestic,2471323
05/01/2014 12:00:00 AM,2012/02/01,Imperial Terminal,Departure,International,2236066
05/01/2014 12:00:00 AM,2012/02/01,Misc. Terminal,Arrival,Domestic,2220446
05/01/2014 12:00:00 AM,2012/03/01,Misc. Terminal,Arrival,Domestic,2619592
05/01/2014 12:00:00 AM,2012/03/01,Misc. Terminal,Departure,Domestic,2632965
05/01/2014 12:00:00 AM,2012/04/01,Misc. Terminal,Arrival,Domestic,2592176
05/01/2014 12:00:00 AM,2012/04/01,Misc. Terminal,Departure,Domestic,2568952
05/01/2014 12:00:00 AM,2012/05/01,Misc. Terminal,Arrival,Domestic,2698051
05/01/2014 12:00:00 AM,2012/05/01,Misc. Terminal,Departure,Domestic,2714895
05/01/2014 12:00:00 AM,2012/06/01,Misc. Terminal,Arrival,Domestic,2842245
05/01/2014 12:00:00 AM,2012/06/01,Misc. Terminal,Departure,Domestic,2897659
05/01/2014 12:00:00 AM,2012/07/01,Misc. Terminal,Arrival,Domestic,3119226
05/01/2014 12:00:00 AM,2012/07/01,Misc. Terminal,Departure,International,3071100
05/01/2014 12:00:00 AM,2012/08/01,Misc. Terminal,Arrival,Domestic,3049590
05/01/2014 12:00:00 AM,2012/08/01,Misc. Terminal,Departure,Domestic,3043755
05/01/2014 12:00:00 AM,2012/09/01,Misc. Terminal,Arrival,Domestic,2537309
05/01/2014 12:00:00 AM,2012/09/01,Misc. Terminal,Departure,Domestic,2516948
05/01/2014 12:00:00 AM,2012/10/01,Misc. Terminal,Arrival,Domestic,2598430
05/01/2014 12:00:00 AM,2012/10/01,Misc. Terminal,Departure,Domestic,2593041
05/01/2014 12:00:00 AM,2012/11/01,Misc. Terminal,Arrival,Domestic,2462782
05/01/2014 12:00:00 AM,2012/11/01,Misc. Terminal,Departure,Domestic,2480891
05/01/2014 12:00:00 AM,2012/12/01,Imperial Terminal,Arrival,Domestic,2619816
05/01/2014 12:00:00 AM,2012/12/01,Misc. Terminal,Departure,Domestic,2658697
05/01/2014 12:00:00 AM,2013/01/01,Imperial Terminal,Departure,Domestic,2515318
05/01/2014 12:00:00 AM,2013/01/01,Misc. Terminal,Arrival,Domestic,2535418
05/01/2014 12:00:00 AM,2013/02/01,Misc. Terminal,Arrival,Domestic,2229958
05/01/2014 12:00:00 AM,2013/02/01,Misc. Terminal,Departure,Domestic,2252333
05/01/2014 12:00:00 AM,2013/03/01,Imperial Terminal,Arrival,Domestic,2754973
05/01/2014 12:00:00 AM,2013/03/01,Misc. Terminal,Departure,Domestic,2790550
05/01/2014 12:00:00 AM,2013/04/01,Misc. Terminal,Arrival,Domestic,2663579
05/01/2014 12:00:00 AM,2013/04/01,Misc. Terminal,Departure,Domestic,2646918
05/01/2014 12:00:00 AM,2013/05/01,Misc. Terminal,Arrival,Domestic,2836570
05/01/2014 12:00:00 AM,2013/05/01,Misc. Terminal,Departure,Domestic,2877386
05/01/2014 12:00:00 AM,2013/06/01,Misc. Terminal,Arrival,Domestic,3037273
05/01/2014 12:00:00 AM,2013/06/01,Misc. Terminal,Departure,Domestic,3077241
05/01/2014 12:00:00 AM,2013/07/01,Misc. Terminal,Arrival,Domestic,3272363
05/01/2014 12:00:00 AM,2013/07/01,Misc. Terminal,Departure,Domestic,3196615
05/01/2014 12:00:00 AM,2013/08/01,Imperial Terminal,Arrival,Domestic,3156973
05/01/2014 12:00:00 AM,2013/08/01,Misc. Terminal,Departure,Domestic,3173195
05/01/2014 12:00:00 AM,2013/09/01,Imperial Terminal,Departure,Domestic,2644479
05/01/2014 12:00:00 AM,2013/09/01,Misc. Terminal,Arrival,Domestic,2663774
05/01/2014 12:00:00 AM,2013/10/01,Misc. Terminal,Arrival,Domestic,2756386
05/01/2014 12:00:00 AM,2013/10/01,Misc. Terminal,Departure,Domestic,2759419
05/01/2014 12:00:00 AM,2013/11/01,Misc. Terminal,Arrival,Domestic,2517413
05/01/2014 12:00:00 AM,2013/11/01,Misc. Terminal,Departure,Domestic,2539592
05/01/2014 12:00:00 AM,2013/12/01,Misc. Terminal,Arrival,Domestic,2907479
05/01/2014 12:00:00 AM,2013/12/01,Misc. Terminal,Departure,Domestic,2862452
05/01/2014 12:00:00 AM,2014/01/01,Imperial Terminal,Arrival,Domestic,2729257
05/01/2014 12:00:00 AM,2014/01/01,Misc. Terminal,Departure,Domestic,2690360
05/01/2014 12:00:00 AM,2014/02/01,Misc. Terminal,Arrival,Domestic,2378994
05/01/2014 12:00:00 AM,2014/02/01,Misc. Terminal,Departure,Domestic,2386990
05/01/2014 12:00:00 AM,2014/03/01,Imperial Terminal,Arrival,Domestic,2879063
05/01/2014 12:00:00 AM,2014/03/01,Misc. Terminal,Departure,Domestic,2906031
07/18/2014 12:00:00 AM,2014/05/01,Terminal 3,Departure,International,3050198
07/18/2014 12:00:00 AM,2014/05/01,Terminal 4,Arrival,Domestic,3030811
07/18/2014 12:00:00 AM,2014/04/01,Misc. Terminal,Arrival,Domestic,2914394
07/18/2014 12:00:00 AM,2014/04/01,Misc. Terminal,Departure,Domestic,2845743
08/15/2014 09:39:18 AM,2014/06/01,Misc. Terminal,Arrival,Domestic,3245321
08/15/2014 09:39:18 AM,2014/06/01,Misc. Terminal,Departure,Domestic,3278726
09/15/2014 07:00:09 AM,2014/07/01,Misc. Terminal,Arrival,Domestic,3476786
09/15/2014 07:00:09 AM,2014/07/01,Misc. Terminal,Departure,Domestic,3395291
10/15/2014 08:00:09 AM,2014/08/01,Misc. Terminal,Arrival,Domestic,3331324
10/15/2014 08:00:09 AM,2014/08/01,Misc. Terminal,Departure,Domestic,3386316
11/15/2014 08:00:12 AM,2014/09/01,Misc. Terminal,Arrival,Domestic,2793963
11/15/2014 08:00:12 AM,2014/09/01,Misc. Terminal,Departure,Domestic,2779497
12/15/2014 08:00:10 AM,2014/10/01,Misc. Terminal,Arrival,Domestic,2925758
12/15/2014 08:00:10 AM,2014/10/01,Misc. Terminal,Departure,Domestic,2940128
01/15/2015 08:00:16 AM,2014/11/01,Imperial Terminal,Departure,International,2705579
01/15/2015 08:00:16 AM,2014/11/01,Misc. Terminal,Arrival,Domestic,2674866
02/15/2015 08:00:17 AM,2014/12/01,Misc. Terminal,Arrival,Domestic,2963790
02/15/2015 08:00:17 AM,2014/12/01,Misc. Terminal,Departure,Domestic,2957766
03/16/2015 08:39:41 AM,2015/01/01,Terminal 7,Arrival,Domestic,2734875
03/16/2015 08:39:41 AM,2015/01/01,Terminal 4,Departure,International,2704319
04/15/2015 08:00:11 AM,2015/02/01,Terminal 6,Departure,International,2482811
04/15/2015 08:00:11 AM,2015/02/01,Terminal 5,Arrival,Domestic,2467784
05/15/2015 08:00:08 AM,2015/03/01,Terminal 8,Arrival,Domestic,2982461
05/15/2015 08:00:08 AM,2015/03/01,Terminal 6,Departure,Domestic,3044136
06/15/2015 08:00:11 AM,2015/04/01,Terminal 6,Departure,Domestic,2962398
06/15/2015 08:00:11 AM,2015/04/01,Terminal 7,Arrival,Domestic,2975917
07/15/2015 08:00:14 AM,2015/05/01,Misc. Terminal,Arrival,International,3165612
07/15/2015 08:00:14 AM,2015/05/01,Terminal 6,Departure,International,3191365
08/15/2015 08:00:09 AM,2015/06/01,Terminal 7,Departure,International,3459741
08/15/2015 08:00:09 AM,2015/06/01,Terminal 4,Arrival,Domestic,3330537
09/15/2015 08:00:15 AM,2015/07/01,Terminal 4,Arrival,Domestic,3676575
09/15/2015 08:00:15 AM,2015/07/01,Terminal 8,Departure,International,3598944
10/15/2015 08:00:09 AM,2015/08/01,Terminal 7,Departure,International,3553040
10/15/2015 08:00:09 AM,2015/08/01,Tom Bradley International Terminal,Arrival,International,3556134
11/15/2015 08:00:08 AM,2015/09/01,Terminal 4,Arrival,Domestic,3011777
11/15/2015 08:00:08 AM,2015/09/01,Terminal 8,Departure,International,3015293
12/15/2015 08:00:12 AM,2015/10/01,Terminal 5,Departure,Domestic,3204316
12/15/2015 08:00:12 AM,2015/10/01,Terminal 2,Arrival,International,3170736
01/15/2016 08:00:08 AM,2015/11/01,Terminal 5,Arrival,Domestic,2999841
01/15/2016 08:00:08 AM,2015/11/01,Terminal 8,Departure,International,3017148
02/15/2016 08:00:12 AM,2015/12/01,Misc. Terminal,Arrival,Domestic,3196646
02/15/2016 08:00:12 AM,2015/12/01,Terminal 5,Departure,Domestic,3198320
03/15/2016 08:01:13 AM,2016/01/01,Terminal 8,Departure,International,3009235
03/15/2016 08:01:13 AM,2016/01/01,Terminal 5,Arrival,International,3059474
04/15/2016 08:00:57 AM,2016/02/01,Terminal 7,Departure,International,2744974
04/15/2016 08:00:57 AM,2016/02/01,Terminal 5,Arrival,Domestic,2721869
05/15/2016 08:00:52 AM,2016/03/01,Terminal 7,Arrival,Domestic,3202500
05/15/2016 08:00:52 AM,2016/03/01,Misc. Terminal,Departure,International,3273774
06/15/2016 08:00:42 AM,2016/04/01,Terminal 4,Departure,International,3134652
06/15/2016 08:00:42 AM,2016/04/01,Terminal 6,Arrival,International,3171113
07/15/2016 08:00:28 AM,2016/05/01,Terminal 8,Departure,Domestic,3405039
07/15/2016 08:00:28 AM,2016/05/01,Terminal 5,Arrival,International,3378962
08/15/2016 08:00:42 AM,2016/06/01,Tom Bradley International Terminal,Arrival,Domestic,3697029
08/15/2016 08:00:42 AM,2016/06/01,Terminal 8,Departure,International,3792649
09/15/2016 08:00:58 AM,2016/07/01,Terminal 6,Departure,Domestic,3903856
09/15/2016 08:00:58 AM,2016/07/01,Terminal 4,Arrival,International,3985539
10/15/2016 08:00:31 AM,2016/08/01,Terminal 8,Departure,International,3783538
10/15/2016 08:00:31 AM,2016/08/01,Misc. Terminal,Arrival,International,3811472
11/15/2016 08:00:32 AM,2016/09/01,Tom Bradley International Terminal,Departure,Domestic,3309117
11/15/2016 08:00:32 AM,2016/09/01,Terminal 3,Arrival,Domestic,3293999
12/15/2016 08:00:29 AM,2016/10/01,Terminal 4,Arrival,International,3406242
12/15/2016 08:00:29 AM,2016/10/01,Terminal 4,Departure,Domestic,3458996
01/15/2017 08:00:31 AM,2016/11/01,Misc. Terminal,Departure,International,3268881
01/15/2017 08:00:31 AM,2016/11/01,Misc. Terminal,Arrival,International,3227237
02/15/2017 08:01:02 AM,2016/12/01,Terminal 8,Departure,Domestic,3465050
02/15/2017 08:01:02 AM,2016/12/01,Terminal 8,Arrival,International,3407211
03/15/2017 08:00:30 AM,2017/01/01,Terminal 8,Arrival,Domestic,3265504
03/15/2017 08:00:30 AM,2017/01/01,Tom Bradley International Terminal,Departure,Domestic,3179083
04/15/2017 08:01:01 AM,2017/02/01,Terminal 1,Departure,Domestic,2823906
04/15/2017 08:01:01 AM,2017/02/01,Misc. Terminal,Arrival,International,2780338
05/15/2017 08:00:46 AM,2017/03/01,Terminal 8,Arrival,Domestic,3370130
05/15/2017 08:00:46 AM,2017/03/01,Terminal 5,Departure,Domestic,3409270
06/15/2017 08:00:49 AM,2017/04/01,Tom Bradley International Terminal,Arrival,International,3446914
06/15/2017 08:00:49 AM,2017/04/01,Terminal 8,Departure,International,3427323
07/15/2017 08:00:45 AM,2017/05/01,Tom Bradley International Terminal,Arrival,Domestic,3557136
07/15/2017 08:00:45 AM,2017/05/01,Terminal 8,Departure,International,3610315
08/15/2017 08:00:43 AM,2017/06/01,Terminal 2,Arrival,Domestic,3769990
08/15/2017 08:00:43 AM,2017/06/01,Terminal 3,Departure,Domestic,3956892
09/15/2017 08:00:44 AM,2017/07/01,Terminal 3,Departure,International,4067362
09/15/2017 08:00:44 AM,2017/07/01,Terminal 7,Arrival,International,4108667
10/15/2017 08:00:40 AM,2017/08/01,Terminal 8,Arrival,Domestic,3967294
10/15/2017 08:00:40 AM,2017/08/01,Terminal 4,Departure,International,3962788
11/15/2017 08:00:41 AM,2017/09/01,Terminal 2,Departure,International,3399138
11/15/2017 08:00:41 AM,2017/09/01,Tom Bradley International Terminal,Arrival,International,3385951
12/15/2017 08:00:40 AM,2017/10/01,Terminal 3,Arrival,International,3579399
12/15/2017 08:00:40 AM,2017/10/01,Terminal 4,Departure,Domestic,3607194
01/15/2018 08:00:38 AM,2017/11/01,Terminal 7,Arrival,Domestic,3364471
01/15/2018 08:00:38 AM,2017/11/01,Tom Bradley International Terminal,Departure,Domestic,3421502
02/15/2018 08:00:37 AM,2017/12/01,Terminal 1,Arrival,Domestic,3492396
02/15/2018 08:00:37 AM,2017/12/01,Terminal 7,Departure,International,3605537
03/15/2018 08:00:35 AM,2018/01/01,Tom Bradley International Terminal,Departure,Domestic,3319441
03/15/2018 08:00:35 AM,2018/01/01,Terminal 2,Arrival,Domestic,3367666
04/15/2018 08:00:39 AM,2018/02/01,Terminal 4,Arrival,Domestic,3005867
04/15/2018 08:00:39 AM,2018/02/01,Terminal 5,Departure,International,3037412
05/15/2018 08:00:38 AM,2018/03/01,Terminal 5,Departure,Domestic,3664249
05/15/2018 08:00:38 AM,2018/03/01,Misc. Terminal,Arrival,Domestic,3565838
06/15/2018 08:00:37 AM,2018/04/01,Terminal 5,Arrival,International,3598621
06/15/2018 08:00:37 AM,2018/04/01,Misc. Terminal,Departure,International,3561747
07/15/2018 08:00:37 AM,2018/05/01,Tom Bradley International Terminal,Arrival,Domestic,3730333
07/15/2018 08:00:37 AM,2018/05/01,Terminal 5,Departure,Domestic,3814544
08/15/2018 08:00:39 AM,2018/06/01,Terminal 8,Departure,International,4098962
08/15/2018 08:00:39 AM,2018/06/01,Terminal 3,Arrival,Domestic,3913507
09/15/2018 08:00:40 AM,2018/07/01,Terminal 6,Arrival,International,4242106
09/15/2018 08:00:40 AM,2018/07/01,Terminal 8,Departure,Domestic,4188324
10/15/2018 08:00:41 AM,2018/08/01,Terminal 3,Departure,International,4069622
10/15/2018 08:00:41 AM,2018/08/01,Terminal 5,Arrival,Domestic,4067788
11/15/2018 08:00:40 AM,2018/09/01,Terminal 6,Departure,International,3448014
11/15/2018 08:00:40 AM,2018/09/01,Terminal 7,Arrival,International,3434510
12/15/2018 08:00:45 AM,2018/10/01,Terminal 4,Departure,International,3635961
12/15/2018 08:00:45 AM,2018/10/01,Terminal 6,Arrival,Domestic,3621325
01/15/2019 08:00:40 AM,2018/11/01,Terminal 6,Departure,International,3500448
01/15/2019 08:00:40 AM,2018/11/01,Terminal 7,Arrival,Domestic,3442877
02/15/2019 08:00:35 AM,2018/12/01,Terminal 6,Arrival,Domestic,3544398
02/15/2019 08:00:35 AM,2018/12/01,Terminal 6,Departure,Domestic,3660797
03/15/2019 08:00:40 AM,2019/01/01,Misc. Terminal,Departure,International,3350198
03/15/2019 08:00:40 AM,2019/01/01,Terminal 7,Arrival,Domestic,3415812
04/15/2019 08:00:44 AM,2019/02/01,Terminal 3,Arrival,Domestic,3008586
04/15/2019 08:00:44 AM,2019/02/01,Terminal 3,Departure,Domestic,3057815
05/15/2019 08:00:42 AM,2019/03/01,Misc. Terminal,Arrival,Domestic,3633253
05/15/2019 08:00:42 AM,2019/03/01,Misc. Terminal,Departure,Domestic,3735545
